filename,date,rating,tags,,,,,,,,,,,,,,,,,,,,,
000.jpg,2000-01-01,1,trad,color,,art,machine,nature,,,
001.jpg,2013-05-06,1,digi,color,animal,doodle,,,,,
2.JPG,2022-05-05,0,digi,gimp,outline,machine,doodle,,,,,
3.jpg,2022-05-05,0,digi,gimp,color,doodle,,,,,,
4.jpg,2022-05-06,2,digi,gimp,outline,doodle,animal,female,,,,
5.jpg,2022-05-07,3,digi,gimp,outline,study,animal,female,,,,
6.jpg,2022-05-08,2,digi,gimp,outline,study,animal,female,house,,,
7.jpg,2022-05-09,3,digi,gimp,outline,study,male,female,,,,
8.jpg,2022-05-10,3,digi,gimp,outline,study,male,female,nude,,,
9.jpg,2022-05-10,3,digi,gimp,outline,study,male,female,nude,,,
10.jpg,2022-05-12,2,digi,gimp,outline,study,male,female,animal,,,
11.jpg,2022-05-13,3,digi,gimp,outline,study,male,female,object,,keysdraw,
12.jpg,2022-05-14,3,digi,gimp,outline,study,male,animal,doodle,,keysdraw,
13.jpg,2022-05-15,3,digi,gimp,outline,study,male,body,,,keysdraw,
14.jpg,2022-05-15,3,digi,gimp,outline,study,male,body,doodle,,keysdraw,
15.jpg,2022-05-17,3,digi,gimp,outline,color,body,animal,object,study,keysdraw,
16.jpg,2022-05-18,5,digi,gimp,mono,study,head,male,female,,keysdraw,
17.jpg,2022-05-20,3,digi,gimp,mono,study,object,animal,,,keysdraw,
18.jpg,2022-05-21,3,digi,gimp,mono,study,male,,animal,,keysdraw,
19.jpg,2022-05-22,3,digi,gimp,mono,study,object,,male,,keysdraw,
20.jpg,2022-05-23,3,digi,gimp,mono,study,machine,male,,,keysdraw,
21.jpg,2022-05-24,3,digi,gimp,outline,study,animal,male,master,,keysdraw,
22.jpg,2022-05-25,3,digi,gimp,outline,study,female,nature,master,,keysdraw,
23.jpg,2022-05-28,5,digi,gimp,mono,study,female,object,master,,keysdraw,
24.jpg,2022-05-30,4,digi,gimp,mono,study,animal,head,female,master,keysdraw,
25.jpg,2022-05-31,3,digi,gimp,outline,study,gesture,,,,keysdraw,
26.jpg,2022-06-01,4,digi,gimp,mono,study,head,female,,,keysdraw,
27.jpg,2022-06-03,3,digi,gimp,color,study,doodle,nature,male,,keysdraw,
28.jpg,2022-06-05,3,digi,gimp,outline,study,doodle,male,female,,keysdraw,
29.jpg,2022-06-06,4,digi,gimp,color,study,male,female,,,keysdraw,
30.jpg,2022-06-07,3,digi,gimp,mono,study,female,male,,,keysdraw,
31.jpg,2022-06-08,3,digi,gimp,mono,study,male,nude,,,keysdraw,
32.jpg,2022-06-09,3,digi,gimp,mono,study,male,female,,,keysdraw,
33.jpg,2022-06-10,4,digi,gimp,mono,study,male,female,head,,keysdraw,
34.jpg,2022-06-11,4,digi,gimp,mono,study,male,female,head,animal,keysdraw,me,
35.jpg,2022-06-12,5,digi,gimp,mono,study,female,head,,,keysdraw,
36.jpg,2022-06-13,4,digi,gimp,mono,study,male,head,,,keysdraw,
37.jpg,2022-06-14,4,digi,gimp,mono,study,female,male,,,keysdraw,
38.jpg,2022-06-15,3,digi,gimp,mono,study,male,,,,keysdraw,
39.jpg,2022-06-18,4,digi,gimp,mono,study,male,female,object,,keysdraw,
40.jpg,2022-06-19,5,digi,gimp,mono,study,male,head,,,keysdraw,
41.jpg,2022-06-20,3,digi,gimp,mono,study,female,object,,,keysdraw,
42.jpg,2022-06-22,5,digi,gimp,mono,study,nature,house,,,keysdraw,
43.jpg,2022-06-24,5,digi,gimp,mono,study,male,object,,,keysdraw,
44.jpg,2022-06-26,3,digi,gimp,mono,study,male,animal,,,keysdraw,
45.jpg,2022-06-27,2,digi,gimp,mono,study,nature,,,,keysdraw,
46.jpg,2022-06-28,3,digi,gimp,mono,study,male,female,head,,keysdraw,
47.jpg,2022-06-29,4,digi,gimp,mono,study,male,head,,,keysdraw,
48.jpg,2022-06-30,5,digi,gimp,mono,study,object,,,,keysdraw,
49.jpg,2022-07-02,3,digi,gimp,mono,study,house,,,,keysdraw,
50.jpg,2022-07-04,4,digi,gimp,mono,study,object,,,,keysdraw,
51.jpg,2022-07-05,3,digi,gimp,outline,study,house,female,,,keysdraw,
52.jpg,2022-07-06,5,digi,gimp,mono,study,house,,,,keysdraw,
53.jpg,2022-07-07,3,digi,gimp,outline,study,house,,,,keysdraw,
54.jpg,2022-07-08,4,digi,gimp,outline,study,house,,,,keysdraw,
55.jpg,2022-07-10,4,digi,gimp,mono,study,object,,,,keysdraw,
56.jpg,2022-07-12,5,digi,gimp,mono,study,object,master,,,keysdraw,
57.jpg,2022-07-13,4,digi,gimp,mono,study,animal,object,,,keysdraw,
58.jpg,2022-07-14,2,digi,gimp,mono,study,animal,object,,,keysdraw,
59.jpg,2022-07-15,2,digi,gimp,mono,study,house,,,,keysdraw,
60.jpg,2022-07-16,5,digi,gimp,mono,study,male,female,animal,head,keysdraw,
61.jpg,2022-07-17,3,digi,gimp,mono,study,nature,,,,keysdraw,
62.jpg,2022-07-18,3,digi,gimp,mono,study,drapery,object,,,keysdraw,
63.jpg,2022-07-19,5,digi,gimp,mono,study,object,,,,keysdraw,
64.jpg,2022-07-22,3,digi,gimp,mono,study,house,nature,,,keysdraw,
65.jpg,2022-07-23,3,digi,gimp,mono,study,nature,object,,,keysdraw,
66.jpg,2022-07-24,4,digi,gimp,mono,study,object,nature,,,keysdraw,
67.jpg,2022-07-26,3,digi,gimp,mono,study,male,female,object,,keysdraw,
68.jpg,2022-07-27,3,digi,gimp,mono,study,animal,house,,,keysdraw,
69.jpg,2022-07-29,5,digi,gimp,mono,study,male,house,master,,keysdraw,
70.jpg,2022-07-30,3,digi,gimp,mono,study,object,,,,keysdraw,
71.jpg,2022-07-31,3,digi,gimp,mono,study,object,female,,,keysdraw,
72.jpg,2022-08-01,3,digi,gimp,mono,study,object,,,,keysdraw,
73.jpg,2022-08-02,3,digi,gimp,mono,study,female,object,,,keysdraw,
74.jpg,2022-08-04,3,digi,gimp,mono,study,male,object,doodle,,keysdraw,
75.jpg,2022-08-05,4,digi,gimp,mono,study,male,animal,,,keysdraw,
76.jpg,2022-08-07,3,digi,gimp,outline,study,male,object,doodle,,keysdraw,
77.jpg,2022-08-08,3,digi,gimp,mono,study,male,nature,doodle,,keysdraw,
78.jpg,2022-08-09,4,digi,gimp,mono,study,male,animal,,,keysdraw,
79.jpg,2022-08-10,3,digi,gimp,mono,study,animal,male,doodle,,keysdraw,
80.jpg,2022-08-13,5,digi,gimp,mono,study,body,female,,,rightbrain,
81.jpg,2022-08-15,3,digi,gimp,mono,study,head,female,male,,rightbrain,
82.jpg,2022-08-16,3,digi,gimp,mono,study,head,male,object,,rightbrain,
83.jpg,2022-08-17,4,digi,gimp,outline,study,male,animal,,,rightbrain,
84.jpg,2022-08-18,6,digi,gimp,mono,study,female,machine,animal,master,rightbrain,
85.jpg,2022-08-20,3,digi,gimp,outline,study,female,male,nude,,rightbrain,
86.jpg,2022-08-21,4,digi,gimp,mono,study,female,male,master,,rightbrain,
87.jpg,2022-08-23,3,digi,gimp,mono,study,house,,,,rightbrain,
88.jpg,2022-08-24,5,digi,gimp,mono,study,male,head,master,,rightbrain,
89.jpg,2022-08-25,4,digi,gimp,mono,study,male,female,head,master,rightbrain,
90.jpg,2022-08-26,6,digi,gimp,mono,study,male,head,master,,rightbrain,
91.jpg,2022-08-28,4,digi,gimp,mono,study,male,head,master,,rightbrain,
92.jpg,2022-08-29,3,digi,gimp,mono,study,male,animal,object,,rightbrain,
93.jpg,2022-08-30,4,digi,gimp,mono,study,male,head,body,,rightbrain,
94.jpg,2022-09-01,3,digi,gimp,mono,study,male,female,nude,,naturway,
95.jpg,2022-09-02,2,digi,gimp,outline,study,gesture,body,,,naturway,
96.jpg,2022-09-04,2,digi,gimp,outline,study,gesture,,,,naturway,
97.jpg,2022-09-05,2,digi,gimp,outline,study,gesture,,,,naturway,
98.jpg,2022-09-06,2,digi,gimp,outline,study,gesture,,,,naturway,
99.jpg,2022-09-07,2,digi,gimp,outline,study,gesture,,,,naturway,
100.jpg,2022-09-08,2,digi,gimp,outline,study,gesture,,,,naturway,
101.jpg,2022-09-09,2,digi,gimp,outline,study,gesture,,,,naturway,
102.jpg,2022-09-10,2,digi,gimp,outline,study,gesture,,,,naturway,
103.jpg,2022-09-11,2,digi,gimp,outline,study,gesture,object,,,naturway,
104.jpg,2022-09-12,2,digi,gimp,outline,study,gesture,,,,naturway,
105.jpg,2022-09-13,2,digi,gimp,outline,study,gesture,,,,naturway,
106.jpg,2022-09-14,2,digi,gimp,outline,study,gesture,,,,naturway,
107.jpg,2022-09-15,3,digi,gimp,mono,study,gesture,animal,male,female,naturway,
108.jpg,2022-09-16,2,digi,gimp,mono,study,gesture,female,,,naturway,
109.jpg,2022-09-17,1,digi,gimp,mono,study,gesture,female,male,,naturway,
110.jpg,2022-09-18,2,digi,gimp,mono,study,gesture,female,male,nude,naturway,
111.jpg,2022-09-19,2,digi,gimp,mono,study,gesture,male,,nude,naturway,
112.jpg,2022-09-20,2,digi,gimp,mono,study,gesture,female,nude,,naturway,
113.jpg,2022-09-21,2,digi,gimp,mono,study,gesture,female,,,naturway,
114.jpg,2022-09-22,2,digi,gimp,mono,study,gesture,female,,,naturway,
115.jpg,2022-09-23,2,digi,gimp,mono,study,gesture,male,,,naturway,
116.jpg,2022-09-25,2,digi,gimp,mono,study,gesture,female,,,naturway,
117.jpg,2022-09-26,6,digi,gimp,mono,art,male,object,,,,
118.jpg,2022-09-27,3,digi,gimp,mono,study,female,nude,gesture,,naturway,
119.jpg,2022-09-28,3,digi,gimp,mono,study,female,gesture,,,naturway,
120.jpg,2022-09-29,2,digi,gimp,color,study,female,gesture,,,naturway,
121.jpg,2022-10-01,3,digi,gimp,color,study,gesture,male,,,naturway,
122.jpg,2022-10-02,2,digi,gimp,color,study,gesture,female,,,naturway,
123.jpg,2022-10-03,4,digi,gimp,color,study,gesture,female,,,naturway,
124.jpg,2022-10-04,3,digi,gimp,color,study,gesture,female,doodle,,naturway,
125.jpg,2022-10-05,2,digi,gimp,outline,study,gesture,female,,,naturway,
126.jpg,2022-10-06,2,digi,gimp,outline,study,gesture,female,,,naturway,
127.jpg,2022-10-08,3,digi,gimp,mono,study,gesture,head,male,female,naturway,
128.jpg,2022-10-09,3,digi,gimp,color,study,gesture,head,female,male,naturway,
129.jpg,2022-10-10,5,digi,gimp,color,study,gesture,female,nude,,naturway,
130.jpg,2022-10-11,2,digi,gimp,mono,study,gesture,female,,,naturway,
131.jpg,2022-10-13,4,digi,gimp,mono,study,gesture,female,nude,male,naturway,body
132.jpg,2022-10-15,5,digi,gimp,mono,study,gesture,female,nude,body,naturway,
133.jpg,2022-10-16,4,digi,gimp,mono,study,gesture,female,nude,body,naturway,
134.jpg,2022-10-17,5,digi,gimp,mono,study,gesture,male,head,,naturway,
135.jpg,2022-10-19,3,digi,gimp,mono,study,gesture,male,female,,naturway,
136.jpg,2022-10-20,3,digi,gimp,mono,study,gesture,female,body,,naturway,
137.jpg,2022-10-22,3,digi,gimp,mono,study,gesture,male,body,,naturway,
138.jpg,2022-10-23,3,digi,gimp,mono,study,gesture,male,female,body,naturway,
139.jpg,2022-10-25,4,digi,gimp,mono,study,gesture,male,female,head,naturway,
140.jpg,2022-10-27,5,digi,rebelle,color,study,female,head,,,,
141.jpg,2022-10-28,2,digi,rebelle,color,study,male,gesture,,,naturway,
142.jpg,2022-10-29,3,digi,rebelle,color,study,male,female,gesture,,naturway,
143.jpg,2022-10-29,3,digi,rebelle,color,study,male,female,gesture,,naturway,
144.jpg,2022-10-30,4,digi,rebelle,color,study,female,nude,gesture,,naturway,
145.jpg,2022-11-01,4,digi,rebelle,color,study,female,male,gesture,head,naturway,
146.jpg,2022-11-01,3,digi,rebelle,color,study,female,,gesture,,naturway,
147.jpg,2022-11-03,3,digi,rebelle,color,study,female,male,gesture,nude,naturway,
148.jpg,2022-11-05,3,digi,rebelle,color,study,female,nude,gesture,male,naturway,
149.jpg,2022-11-06,3,digi,rebelle,color,study,female,male,gesture,nude,naturway,
150.jpg,2022-11-07,3,digi,rebelle,color,art,male,head,gesture,,,
151.jpg,2022-11-08,3,digi,gimp,mono,study,drapery,male,,,naturway,
152.jpg,2022-11-09,3,digi,gimp,mono,study,drapery,,,,naturway,
153.jpg,2022-11-10,3,digi,gimp,mono,study,drapery,,,,naturway,
154.jpg,2022-11-11,4,digi,gimp,mono,study,drapery,female,,,naturway,
155.jpg,2022-11-12,4,digi,gimp,mono,study,drapery,female,,,naturway,
156.jpg,2022-11-13,4,digi,gimp,mono,study,drapery,female,,,naturway,
157.jpg,2022-11-14,3,digi,gimp,mono,study,drapery,female,gesture,,naturway,
158.jpg,2022-11-15,3,digi,rebelle,color,study,drapery,female,gesture,,naturway,
159.jpg,2022-11-17,3,digi,rebelle,color,study,drapery,female,gesture,,naturway,
160.jpg,2022-11-17,3,digi,rebelle,mono,study,head,female,gesture,,naturway,
161.jpg,2022-11-19,3,digi,gimp,mono,study,male,,gesture,,naturway,
162.jpg,2022-11-19,3,digi,gimp,mono,study,female,nude,gesture,,naturway,
163.jpg,2022-11-21,3,digi,gimp,mono,study,female,male,gesture,nude,naturway,
164.jpg,2022-11-22,4,digi,gimp,mono,study,female,nude,gesture,house,naturway,male
165.jpg,2022-11-23,4,digi,gimp,mono,study,male,female,gesture,head,naturway,
166.jpg,2022-11-24,3,digi,gimp,mono,study,female,,gesture,,naturway,
167.jpg,2022-11-26,3,digi,gimp,mono,study,male,,gesture,,naturway,
168.jpg,2022-11-27,3,digi,gimp,mono,study,female,,gesture,,naturway,
169.jpg,2022-11-28,3,digi,gimp,mono,study,male,,gesture,,naturway,
170.jpg,2022-11-29,4,digi,gimp,mono,study,female,male,gesture,head,naturway,
171.jpg,2022-11-30,3,digi,gimp,mono,study,female,,gesture,,naturway,
172.jpg,2022-12-01,4,digi,gimp,mono,study,male,drapery,gesture,,naturway,
173.jpg,2022-12-02,3,digi,gimp,outline,study,male,nude,gesture,,naturway,
174.jpg,2022-12-03,4,digi,gimp,mono,study,male,female,,master,naturway,
175.jpg,2022-12-04,4,digi,rebelle,mono,study,female,,,,naturway,
176.jpg,2022-12-05,4,digi,gimp,mono,study,female,,gesture,,naturway,
177.jpg,2022-12-06,5,digi,rebelle,mono,study,female,male,,head,naturway,drapery
178.jpg,2022-12-08,3,digi,gimp,mono,study,female,nude,gesture,animal,naturway,
179.jpg,2022-12-09,3,digi,gimp,outline,study,male,body,,,naturway,
180.jpg,2022-12-10,4,digi,gimp,mono,study,male,body,,,naturway,
181.jpg,2022-12-12,4,digi,gimp,mono,study,male,,gesture,,naturway,
182.jpg,2022-12-13,3,digi,rebelle,color,art,male,nature,animal,,,
183.jpg,2022-12-16,3,digi,gimp,mono,study,female,,gesture,,naturway,
184.jpg,2022-12-18,4,digi,rebelle,color,study,male,female,gesture,master,naturway,
185.jpg,2022-12-19,5,digi,gimp,mono,study,male,nude,,,naturway,
186.jpg,2022-12-21,4,digi,rebelle,mono,study,male,master,,,naturway,
187.jpg,2022-12-22,3,digi,rebelle,mono,study,male,female,,,naturway,
188.jpg,2022-12-26,2,digi,gimp,mono,study,male,,gesture,,naturway,
189.jpg,2022-12-27,4,digi,rebelle,color,study,animal,nature,,master,naturway,
190.jpg,2022-12-28,5,digi,rebelle,color,study,nature,object,,master,naturway,
191.jpg,2023-01-03,3,krita,drapery,study,color,female,utterbeg,digi,
192.jpg,2023-01-06,2,doodle,utterbeg,outline,krita,object,study,
193.jpg,2023-01-07,2,object,digi,outline,utterbeg,study,krita,
194.jpg,2023-01-09,2,study,digi,utterbeg,krita,mono,object,
195.jpg,2023-01-10,3,mono,utterbeg,krita,object,study,digi,doodle,
196.jpg,2023-01-11,3,study,digi,object,mono,utterbeg,krita,house,
197.jpg,2023-01-12,3,digi,object,utterbeg,study,krita,mono,
198.jpg,2023-01-14,3,study,object,utterbeg,krita,digi,mono,
199.jpg,2023-01-15,3,study,digi,krita,utterbeg,mono,object,
200.jpg,2023-01-16,3,study,object,digi,krita,utterbeg,mono,
201.jpg,2023-01-17,3,utterbeg,mono,digi,study,object,doodle,krita,
202.jpg,2023-01-18,3,utterbeg,study,object,krita,digi,mono,
203.jpg,2023-01-19,3,digi,study,head,female,mono,krita,utterbeg,
204.jpg,2023-01-20,4,study,head,digi,male,krita,utterbeg,mono,
205.jpg,2023-01-21,5,study,head,digi,utterbeg,mono,krita,male,
206.jpg,2023-01-22,4,study,krita,mono,utterbeg,digi,object,
207.jpg,2023-01-24,3,mono,animal,artscidraw,digi,krita,study,male,nude,
208.jpg,2023-01-26,3,mono,doodle,study,digi,krita,animal,artscidraw,
209.jpg,2023-01-27,3,study,animal,mono,krita,digi,artscidraw,
210.jpg,2023-01-28,1,outline,object,krita,artscidraw,study,doodle,
211.jpg,2023-01-30,1,study,digi,doodle,krita,artscidraw,object,outline,
212.jpg,2023-01-31,2,krita,artscidraw,object,outline,digi,study,
213.jpg,2023-02-01,3,digi,mono,object,study,artscidraw,krita,
214.jpg,2023-02-02,3,machine,mono,digi,krita,object,study,artscidraw,
215.jpg,2023-02-03,3,mono,machine,digi,artscidraw,object,animal,study,krita,
216.jpg,2023-02-04,3,study,female,outline,krita,digi,artscidraw,nude,male,gesture,
217.jpg,2023-02-05,3,male,nude,female,outline,artscidraw,krita,study,gesture,digi,
218.jpg,2023-02-06,3,digi,nude,gesture,krita,mono,male,female,study,artscidraw,
219.jpg,2023-02-07,3,artscidraw,nude,mono,study,krita,digi,male,female,
220.jpg,2023-02-08,3,nude,female,mono,digi,study,male,artscidraw,gesture,krita,
221.jpg,2023-02-10,3,outline,barguedraw,head,female,digi,study,krita,
222.jpg,2023-02-11,4,study,barguedraw,krita,head,mono,digi,male,
223.jpg,2023-02-13,3,body,outline,barguedraw,krita,study,digi,
224.jpg,2023-02-14,4,barguedraw,body,krita,digi,mono,study,
225.jpg,2023-02-15,4,krita,mono,study,barguedraw,body,digi,
226.jpg,2023-02-17,4,mono,digi,body,barguedraw,krita,study,
227.jpg,2023-02-18,4,mono,digi,body,barguedraw,krita,study,
228.jpg,2023-02-19,4,mono,study,female,head,male,krita,digi,barguedraw,
229.jpg,2023-02-20,4,digi,barguedraw,study,mono,male,animal,head,krita,
230.jpg,2023-02-21,4,mono,barguedraw,female,head,krita,study,digi,male,
231.jpg,2023-02-22,4,digi,mono,barguedraw,krita,male,head,study,
232.jpg,2023-02-24,4,krita,study,digi,mono,head,female,barguedraw,
233.jpg,2023-02-25,4,mono,study,male,digi,krita,animal,barguedraw,head,
234.jpg,2023-02-26,4,male,study,head,barguedraw,digi,krita,mono,
235.jpg,2023-02-28,4,krita,mono,male,body,barguedraw,study,female,head,digi,
236.jpg,2023-03-01,5,digi,study,male,krita,barguedraw,body,drapery,mono,
237.jpg,2023-03-02,3,digi,mono,body,study,male,barguedraw,krita,
238.jpg,2023-03-03,3,male,study,barguedraw,body,krita,animal,digi,mono,
239.jpg,2023-03-04,3,nude,male,mono,barguedraw,drapery,krita,female,digi,study,
240.jpg,2023-03-06,3,digi,head,male,barguedraw,mono,female,study,krita,
241.jpg,2023-03-07,3,barguedraw,male,female,mono,digi,study,krita,head,
242.jpg,2023-03-08,5,barguedraw,mono,digi,krita,female,head,study,
243.jpg,2023-03-09,3,female,digi,mono,barguedraw,study,head,nude,krita,
244.jpg,2023-03-10,3,barguedraw,head,mono,study,digi,male,krita,comm,
245.jpg,2023-03-11,3,female,barguedraw,krita,male,study,mono,digi,head,
246.jpg,2023-03-11,3,krita,male,digi,head,mono,study,barguedraw,
247.jpg,2023-03-13,3,krita,digi,male,barguedraw,study,mono,nude,
248.jpg,2023-03-14,3,male,digi,mono,barguedraw,krita,study,nude,
249.jpg,2023-03-15,3,mono,male,krita,study,barguedraw,digi,
250.jpg,2023-03-16,3,digi,study,krita,barguedraw,mono,male,
251.jpg,2023-03-18,4,digi,art,male,krita,mono,
252.jpg,2023-03-19,3,nude,krita,digi,female,nature,art,
253.jpg,2023-03-20,3,outline,persmadeasy,study,krita,digi,house,
254.jpg,2023-03-21,3,house,outline,krita,study,persmadeasy,
255.jpg,2023-03-22,3,color,comm,krita,digi,cityofgod,male,art,
256.jpg,2023-03-23,3,mono,krita,cityofgod,male,comm,digi,art,
257.jpg,2023-03-24,3,study,outline,persmadeasy,krita,house,digi,
258.jpg,2023-03-25,3,study,house,krita,persmadeasy,digi,outline,
259.jpg,2023-03-25,3,comm,cityofgod,outline,art,nude,digi,male,krita,
260.jpg,2023-03-26,3,object,study,outline,persmadeasy,krita,digi,
261.jpg,2023-03-26,3,body,digi,comm,krita,cityofgod,mono,art,
262.jpg,2023-03-28,2,comm,male,color,cityofgod,female,art,doodle,
263.jpg,2023-03-29,2,art,digi,krita,outline,cityofgod,doodle,
264.jpg,2023-03-30,2,persmadeasy,outline,krita,study,house,digi,
265.jpg,2023-03-31,2,outline,persmadeasy,krita,study,digi,house,
266.jpg,2023-04-02,3,digi,house,outline,study,persmadeasy,krita,
267.jpg,2023-04-04,5,krita,male,mono,art,cityofgod,digi,female,head,comm,
268.jpg,2023-04-05,3,outline,house,krita,digi,study,persmadeasy,
269.jpg,2023-04-06,3,krita,house,digi,outline,persmadeasy,study,
270.jpg,2023-04-07,3,digi,outline,nature,persmadeasy,study,krita,
271.jpg,2023-04-08,1,krita,digi,comm,outline,doodle,cityofgod,object,
272.jpg,2023-04-08,1,outline,cityofgod,doodle,krita,digi,comm,
273.jpg,2023-04-10,3,digi,object,machine,outline,house,krita,persmadeasy,study,
274.jpg,2023-04-11,3,art,body,female,digi,cityofgod,comm,krita,mono,study,
275.jpg,2023-04-12,4,comm,cityofgod,art,head,male,mono,female,krita,digi,
276.jpg,2023-04-13,2,krita,object,study,persmadeasy,doodle,outline,digi,
277.jpg,2023-04-15,4,comm,art,cityofgod,digi,mono,female,male,nature,krita,
278.jpg,2023-04-22,3,krita,outline,digi,persmadeasy,study,house,
279.jpg,2023-04-23,3,machine,outline,digi,persmadeasy,object,study,krita,
280.jpg,2023-04-24,3,outline,machine,object,krita,study,persmadeasy,digi,
281.jpg,2023-04-25,3,krita,study,house,outline,persmadeasy,digi,
282.jpg,2023-04-25,3,house,outline,study,object,persmadeasy,digi,krita,
283.jpg,2023-04-27,3,persdrawhand,study,outline,house,digi,machine,krita,
284.jpg,2023-04-28,3,digi,art,male,krita,mono,comm,cityofgod,
285.jpg,2023-04-29,4,mono,cityofgod,digi,art,head,krita,female,comm,
286.jpg,2023-05-01,3,digi,mono,krita,drapery,cityofgod,art,male,comm,
287.jpg,2023-05-04,3,comm,mono,krita,digi,object,art,cityofgod,
288.jpg,2023-05-05,4,cityofgod,digi,art,male,krita,comm,mono,
289.jpg,2023-05-07,3,digi,krita,drapery,head,male,art,comm,mono,
290.jpg,2023-05-09,3,art,nature,krita,mono,male,digi,cityofgod,comm,
291.jpg,2023-05-10,3,digi,comm,mono,house,cityofgod,drapery,krita,art,
292.jpg,2023-05-11,4,krita,mono,art,comm,digi,cityofgod,body,object,
293.jpg,2023-05-13,4,comm,cityofgod,female,nature,male,animal,mono,house,krita,digi,art,
294.jpg,2023-05-16,3,krita,persdrawhand,nature,house,digi,study,mono,
295.jpg,2023-05-16,3,krita,house,persdrawhand,male,outline,digi,study,
296.jpg,2023-05-19,3,study,outline,house,object,machine,krita,persdrawhand,digi,
297.jpg,2023-05-20,2,digi,krita,persdrawhand,study,object,outline,
298.jpg,2023-05-21,3,house,persdrawhand,outline,krita,study,object,machine,digi,
299.jpg,2023-05-22,3,outline,house,study,digi,object,persdrawhand,krita,
300.jpg,2023-05-23,3,female,digi,object,male,outline,krita,machine,study,persdrawhand,
301.jpg,2023-05-24,3,krita,outline,persdrawhand,study,digi,house,object,
302.jpg,2023-05-25,3,house,study,object,digi,persdrawhand,outline,krita,
303.jpg,2023-05-26,2,house,outline,krita,object,digi,study,persdrawhand,
304.jpg,2023-05-28,5,female,study,krita,male,framedpers,digi,house,color,machine,
305.jpg,2023-05-29,3,framedpers,krita,color,digi,machine,house,study,female,
306.jpg,2023-05-30,3,krita,digi,framedpers,head,house,male,study,female,mono,
307.jpg,2023-05-31,3,krita,outline,study,framedpers,digi,female,house,male,
308.jpg,2023-06-01,4,krita,digi,male,female,study,framedpers,house,mono,
309.jpg,2023-06-02,3,study,krita,framedpers,digi,female,mono,house,
310.jpg,2023-06-03,3,house,female,digi,krita,study,mono,male,framedpers,
311.jpg,2023-06-04,3,krita,framedpers,machine,study,mono,digi,house,object,
312.jpg,2023-06-06,3,female,study,outline,framedpers,krita,male,digi,
313.jpg,2023-06-07,3,comm,doodle,art,outline,krita,cityofgod,
314.jpg,2023-06-08,3,male,comm,head,digi,krita,mono,art,cityofgod,
315.jpg,2023-06-10,4,female,cityofgod,nature,male,art,comm,mono,krita,digi,
316.jpg,2023-06-12,2,digi,house,mono,cityofgod,krita,male,
317.jpg,2023-06-13,4,art,male,krita,head,cityofgod,comm,mono,female,digi,
318.jpg,2023-06-13,4,mono,study,digi,krita,male,me,head,
319.jpg,2023-06-15,3,framedpers,digi,krita,house,female,color,male,study,
320.jpg,2023-06-17,3,digi,framedpers,female,mono,house,krita,study,
321.jpg,2023-06-18,3,mono,krita,house,digi,study,animal,framedpers,male,
322.jpg,2023-06-19,3,machine,framedpers,animal,study,digi,mono,female,krita,male,
323.jpg,2023-06-21,4,digi,art,comm,cityofgod,mono,male,female,head,body,krita,
324.jpg,2023-06-23,2,comm,cityofgod,object,digi,outline,krita,art,
325.jpg,2023-06-24,3,cityofgod,mono,head,digi,male,krita,comm,object,art,
326.jpg,2023-06-25,3,outline,male,house,krita,color,study,machine,framedpers,digi,
327.jpg,2023-06-26,4,krita,framedpers,house,study,color,digi,
328.jpg,2023-06-28,2,male,study,female,trad,mono,
329.jpg,2023-06-29,3,animal,house,study,krita,digi,color,framedpers,male,
330.jpg,2023-07-01,3,nature,machine,digi,framedpers,krita,color,study,
331.jpg,2023-07-02,3,machine,digi,house,female,study,head,outline,krita,framedpers,male,
332.jpg,2023-07-04,4,mono,nature,cityofgod,digi,krita,comm,male,art,
333.jpg,2023-07-05,1,framedpers,krita,doodle,object,outline,study,digi,house,
334.jpg,2023-07-06,3,framedpers,house,study,mono,digi,krita,
335.jpg,2023-07-07,3,framedpers,male,female,digi,krita,house,study,machine,outline,
336.jpg,2023-07-07,4,krita,digi,cityofgod,body,outline,art,comm,
337.jpg,2023-07-09,4,cityofgod,digi,object,comm,art,outline,krita,
338.jpg,2023-07-10,4,framedpers,krita,digi,male,female,study,color,machine,
339.jpg,2023-07-11,3,framedpers,digi,male,head,krita,female,study,outline,
340.jpg,2023-07-12,2,house,framedpers,outline,study,krita,digi,object,
341.jpg,2023-07-13,4,digi,female,framedpers,study,outline,krita,male,nude,
342.jpg,2023-07-14,3,krita,male,outline,framedpers,nude,female,digi,study,
343.jpg,2023-07-15,3,outline,female,krita,framedpers,nude,study,digi,gesture,male,
344.jpg,2023-07-16,3,gesture,krita,study,outline,nude,digi,female,framedpers,
345.jpg,2023-07-17,3,outline,digi,male,study,framedpers,nude,gesture,krita,female,
346.jpg,2023-07-18,3,nude,framedpers,krita,outline,digi,head,male,study,
347.jpg,2023-07-19,3,study,framedpers,krita,digi,female,outline,head,
348.jpg,2023-07-20,4,framedpers,krita,male,study,head,outline,digi,female,
349.jpg,2023-07-21,4,outline,framedpers,male,krita,digi,female,head,study,
350.jpg,2023-07-22,3,framedpers,female,male,study,digi,outline,nude,krita,
351.jpg,2023-07-22,3,male,digi,nude,krita,framedpers,female,outline,study,
352.jpg,2023-07-24,3,outline,krita,male,study,framedpers,female,drapery,digi,
353.jpg,2023-07-25,4,digi,male,female,drapery,outline,framedpers,study,krita,
354.jpg,2023-07-26,4,framedpers,house,digi,study,color,machine,krita,
355.jpg,2023-07-28,3,study,animal,firealpaca,doodle,digi,color,completpers,
356.jpg,2023-07-30,3,house,firealpaca,color,doodle,completpers,study,
357.jpg,2023-07-31,2,completpers,firealpaca,study,outline,digi,
358.jpg,2023-07-31,2,animal,doodle,digi,completpers,study,color,outline,firealpaca,
359.jpg,2023-08-01,2,firealpaca,completpers,doodle,study,outline,digi,
360.jpg,2023-08-02,2,animal,completpers,study,outline,firealpaca,doodle,house,
361.jpg,2023-08-03,2,study,digi,firealpaca,completpers,doodle,outline,
362.jpg,2023-08-04,3,digi,doodle,completpers,firealpaca,outline,study,machine,
363.jpg,2023-08-04,2,digi,doodle,firealpaca,outline,study,completpers,
364.jpg,2023-08-06,2,completpers,outline,doodle,digi,study,firealpaca,
365.jpg,2023-08-07,2,study,doodle,firealpaca,outline,digi,completpers,
366.jpg,2023-08-07,2,outline,study,doodle,digi,completpers,firealpaca,
367.jpg,2023-08-09,2,outline,firealpaca,study,completpers,doodle,digi,
368.jpg,2023-08-09,2,completpers,digi,doodle,outline,firealpaca,study,
369.jpg,2023-08-11,2,completpers,digi,outline,study,firealpaca,doodle,
370.jpg,2023-08-11,2,digi,study,doodle,completpers,firealpaca,outline,
371.jpg,2023-08-12,2,study,digi,firealpaca,completpers,outline,doodle,
372.jpg,2023-08-13,2,doodle,outline,digi,study,firealpaca,completpers,
373.jpg,2023-08-14,2,outline,firealpaca,completpers,digi,study,doodle,
374.jpg,2023-08-15,2,completpers,digi,study,outline,doodle,firealpaca,
375.jpg,2023-08-16,2,outline,digi,completpers,doodle,firealpaca,study,
376.jpg,2023-08-17,4,machine,firealpaca,male,spacedrawpers,house,digi,color,study,
377.jpg,2023-08-18,3,firealpaca,male,house,outline,spacedrawpers,study,digi,
378.jpg,2023-08-19,4,male,house,digi,firealpaca,study,machine,nature,spacedrawpers,
379.jpg,2023-08-20,3,house,digi,spacedrawpers,outline,study,firealpaca,male,
380.jpg,2023-08-21,4,firealpaca,outline,study,male,house,spacedrawpers,female,digi,
381.jpg,2023-08-21,3,outline,digi,spacedrawpers,firealpaca,male,house,study,
382.jpg,2023-08-22,3,male,study,firealpaca,nature,digi,outline,spacedrawpers,house,
383.jpg,2023-08-24,4,male,firealpaca,spacedrawpers,outline,house,digi,study,
384.jpg,2023-08-25,3,digi,male,study,machine,firealpaca,house,outline,spacedrawpers,
385.jpg,2023-08-25,3,firealpaca,spacedrawpers,male,outline,female,study,digi,house,
386.jpg,2023-08-26,3,house,firealpaca,digi,machine,study,spacedrawpers,outline,male,
387.jpg,2023-08-28,4,spacedrawpers,firealpaca,outline,study,male,house,digi,
388.jpg,2023-08-30,3,doodle,machine,howtodraw,study,digi,color,paintstorm,female,
389.jpg,2023-08-31,3,machine,howtodraw,paintstorm,study,outline,digi,
390.jpg,2023-09-01,3,house,howtodraw,machine,doodle,study,outline,digi,paintstorm,
391.jpg,2023-09-03,5,animal,color,digi,paintstorm,art,nature,
392.jpg,2023-09-04,2,digi,house,outline,paintstorm,study,howtodraw,machine,
393.jpg,2023-09-05,4,paintstorm,study,digi,machine,howtodraw,outline,house,
394.jpg,2023-09-05,3,howtodraw,outline,digi,paintstorm,study,house,
395.jpg,2023-09-07,3,howtodraw,digi,paintstorm,machine,study,outline,
396.jpg,2023-09-08,2,digi,howtodraw,outline,house,object,paintstorm,study,
397.jpg,2023-09-09,3,study,paintstorm,outline,digi,howtodraw,machine,
398.jpg,2023-09-10,3,outline,paintstorm,study,digi,howtodraw,object,machine,
